sample,pop,mf,trt,vern_length,stage,group
bhr-02_i0,bhr,02,i0,0,i,bhr_i0
bhr-02_i1,bhr,02,i1,1,i,bhr_i1
bhr-02_i2,bhr,02,i2,2,i,bhr_i2
bhr-02_v0,bhr,02,v0,0,v,bhr_v0
bhr-02_v1,bhr,02,v1,1,v,bhr_v1
bhr-02_v2,bhr,02,v2,2,v,bhr_v2
bhr-06_i0,bhr,06,i0,0,i,bhr_i0
bhr-06_i1,bhr,06,i1,1,i,bhr_i1
bhr-06_i2,bhr,06,i2,2,i,bhr_i2
bhr-06_v0,bhr,06,v0,0,v,bhr_v0
bhr-06_v1,bhr,06,v1,1,v,bhr_v1
bhr-06_v2,bhr,06,v2,2,v,bhr_v2
bhr-08_i0,bhr,08,i0,0,i,bhr_i0
bhr-08_i1,bhr,08,i1,1,i,bhr_i1
bhr-08_i2,bhr,08,i2,2,i,bhr_i2
bhr-08_v0,bhr,08,v0,0,v,bhr_v0
bhr-08_v1,bhr,08,v1,1,v,bhr_v1
bhr-08_v2,bhr,08,v2,2,v,bhr_v2
bhr-14_i0,bhr,14,i0,0,i,bhr_i0
bhr-14_i1,bhr,14,i1,1,i,bhr_i1
bhr-14_i2,bhr,14,i2,2,i,bhr_i2
bhr-14_v0,bhr,14,v0,0,v,bhr_v0
bhr-14_v1,bhr,14,v1,1,v,bhr_v1
bhr-14_v2,bhr,14,v2,2,v,bhr_v2
bhr-18_i0,bhr,18,i0,0,i,bhr_i0
bhr-18_i1,bhr,18,i1,1,i,bhr_i1
bhr-18_i2,bhr,18,i2,2,i,bhr_i2
bhr-18_v0,bhr,18,v0,0,v,bhr_v0
bhr-18_v1,bhr,18,v1,1,v,bhr_v1
bhr-18_v2,bhr,18,v2,2,v,bhr_v2
ihl-21_i0,ihl,21,i0,0,i,ihl_i0
ihl-21_i1,ihl,21,i1,1,i,ihl_i1
ihl-21_v0,ihl,21,v0,0,v,ihl_v0
ihl-21_v1,ihl,21,v1,1,v,ihl_v1
ihl-27_i0,ihl,27,i0,0,i,ihl_i0
ihl-27_i1,ihl,27,i1,1,i,ihl_i1
ihl-27_i2,ihl,27,i2,2,i,ihl_i2
ihl-27_v0,ihl,27,v0,0,v,ihl_v0
ihl-27_v1,ihl,27,v1,1,v,ihl_v1
ihl-27_v2,ihl,27,v2,2,v,ihl_v2
ihl-29_i0,ihl,29,i0,0,i,ihl_i0
ihl-29_i2,ihl,29,i2,2,i,ihl_i2
ihl-29_v0,ihl,29,v0,0,v,ihl_v0
ihl-29_v1,ihl,29,v1,1,v,ihl_v1
ihl-29_v2,ihl,29,v2,2,v,ihl_v2
ihl-30_i0,ihl,30,i0,0,i,ihl_i0
ihl-30_i1,ihl,30,i1,1,i,ihl_i1
ihl-30_i2,ihl,30,i2,2,i,ihl_i2
ihl-30_v0,ihl,30,v0,0,v,ihl_v0
ihl-30_v1,ihl,30,v1,1,v,ihl_v1
ihl-30_v2,ihl,30,v2,2,v,ihl_v2
kc2-06_i0,kc2,06,i0,0,i,kc2_i0
kc2-06_i1,kc2,06,i1,1,i,kc2_i1
kc2-06_v0,kc2,06,v0,0,v,kc2_v0
kc2-06_v1,kc2,06,v1,1,v,kc2_v1
kc2-08_i0,kc2,08,i0,0,i,kc2_i0
kc2-08_i1,kc2,08,i1,1,i,kc2_i1
kc2-08_v0,kc2,08,v0,0,v,kc2_v0
kc2-08_v1,kc2,08,v1,1,v,kc2_v1
kc2-10_i0,kc2,10,i0,0,i,kc2_i0
kc2-10_i1,kc2,10,i1,1,i,kc2_i1
kc2-10_i2,kc2,10,i2,2,i,kc2_i2
kc2-10_v0,kc2,10,v0,0,v,kc2_v0
kc2-10_v1,kc2,10,v1,1,v,kc2_v1
kc2-10_v2,kc2,10,v2,2,v,kc2_v2
kc2-13_i0,kc2,13,i0,0,i,kc2_i0
kc2-13_i1,kc2,13,i1,1,i,kc2_i1
kc2-13_i2,kc2,13,i2,2,i,kc2_i2
kc2-13_v0,kc2,13,v0,0,v,kc2_v0
kc2-13_v2,kc2,13,v2,2,v,kc2_v2
kc2-23_i0,kc2,23,i0,0,i,kc2_i0
kc2-23_i1,kc2,23,i1,1,i,kc2_i1
kc2-23_i2,kc2,23,i2,2,i,kc2_i2
kc2-23_v0,kc2,23,v0,0,v,kc2_v0
kc2-23_v1,kc2,23,v1,1,v,kc2_v1
lv3-04_i0,lv3,04,i0,0,i,lv3_i0
lv3-04_i1,lv3,04,i1,1,i,lv3_i1
lv3-04_i2,lv3,04,i2,2,i,lv3_i2
lv3-04_v0,lv3,04,v0,0,v,lv3_v0
lv3-04_v1,lv3,04,v1,1,v,lv3_v1
lv3-04_v2,lv3,04,v2,2,v,lv3_v2
lv3-08_i0,lv3,08,i0,0,i,lv3_i0
lv3-08_i1,lv3,08,i1,1,i,lv3_i1
lv3-08_v0,lv3,08,v0,0,v,lv3_v0
lv3-08_v1,lv3,08,v1,1,v,lv3_v1
lv3-15_i0,lv3,15,i0,0,i,lv3_i0
lv3-15_i1,lv3,15,i1,1,i,lv3_i1
lv3-15_v0,lv3,15,v0,0,v,lv3_v0
lv3-15_v1,lv3,15,v1,1,v,lv3_v1
lv3-16_i0,lv3,16,i0,0,i,lv3_i0
lv3-16_i1,lv3,16,i1,1,i,lv3_i1
lv3-16_i2,lv3,16,i2,2,i,lv3_i2
lv3-16_v0,lv3,16,v0,0,v,lv3_v0
lv3-16_v1,lv3,16,v1,1,v,lv3_v1
lv3-16_v2,lv3,16,v2,2,v,lv3_v2
lv3-23_i0,lv3,23,i0,0,i,lv3_i0
lv3-23_i1,lv3,23,i1,1,i,lv3_i1
lv3-23_i2,lv3,23,i2,2,i,lv3_i2
lv3-23_v0,lv3,23,v0,0,v,lv3_v0
lv3-23_v1,lv3,23,v1,1,v,lv3_v1
lv3-23_v2,lv3,23,v2,2,v,lv3_v2
sq3-06_i0,sq3,06,i0,0,i,sq3_i0
sq3-06_i1,sq3,06,i1,1,i,sq3_i1
sq3-06_i2,sq3,06,i2,2,i,sq3_i2
sq3-06_v0,sq3,06,v0,0,v,sq3_v0
sq3-06_v1,sq3,06,v1,1,v,sq3_v1
sq3-06_v2,sq3,06,v2,2,v,sq3_v2
sq3-08_i0,sq3,08,i0,0,i,sq3_i0
sq3-08_i1,sq3,08,i1,1,i,sq3_i1
sq3-08_i2,sq3,08,i2,2,i,sq3_i2
sq3-08_v0,sq3,08,v0,0,v,sq3_v0
sq3-08_v1,sq3,08,v1,1,v,sq3_v1
sq3-08_v2,sq3,08,v2,2,v,sq3_v2
sq3-11_i0,sq3,11,i0,0,i,sq3_i0
sq3-11_i1,sq3,11,i1,1,i,sq3_i1
sq3-11_i2,sq3,11,i2,2,i,sq3_i2
sq3-11_v0,sq3,11,v0,0,v,sq3_v0
sq3-11_v1,sq3,11,v1,1,v,sq3_v1
sq3-11_v2,sq3,11,v2,2,v,sq3_v2
sq3-14_i0,sq3,14,i0,0,i,sq3_i0
sq3-14_i1,sq3,14,i1,1,i,sq3_i1
sq3-14_i2,sq3,14,i2,2,i,sq3_i2
sq3-14_v1,sq3,14,v1,1,v,sq3_v1
sq3-14_v2,sq3,14,v2,2,v,sq3_v2
sq3-16_i0,sq3,16,i0,0,i,sq3_i0
sq3-16_i1,sq3,16,i1,1,i,sq3_i1
sq3-16_i2,sq3,16,i2,2,i,sq3_i2
sq3-16_v1,sq3,16,v1,1,v,sq3_v1
sq3-16_v2,sq3,16,v2,2,v,sq3_v2
tm2-01_i0,tm2,01,i0,0,i,tm2_i0
tm2-01_i1,tm2,01,i1,1,i,tm2_i1
tm2-01_v0,tm2,01,v0,0,v,tm2_v0
tm2-01_v1,tm2,01,v1,1,v,tm2_v1
tm2-01_v2,tm2,01,v2,2,v,tm2_v2
tm2-02_i0,tm2,02,i0,0,i,tm2_i0
tm2-02_i1,tm2,02,i1,1,i,tm2_i1
tm2-02_v0,tm2,02,v0,0,v,tm2_v0
tm2-02_v1,tm2,02,v1,1,v,tm2_v1
tm2-03_i0,tm2,03,i0,0,i,tm2_i0
tm2-03_i1,tm2,03,i1,1,i,tm2_i1
tm2-03_v0,tm2,03,v0,0,v,tm2_v0
tm2-03_v1,tm2,03,v1,1,v,tm2_v1
tm2-04_i0,tm2,04,i0,0,i,tm2_i0
tm2-04_i1,tm2,04,i1,1,i,tm2_i1
tm2-04_i2,tm2,04,i2,2,i,tm2_i2
tm2-04_v0,tm2,04,v0,0,v,tm2_v0
tm2-04_v1,tm2,04,v1,1,v,tm2_v1
tm2-04_v2,tm2,04,v2,2,v,tm2_v2
tm2-06_i0,tm2,06,i0,0,i,tm2_i0
tm2-06_i1,tm2,06,i1,1,i,tm2_i1
tm2-06_v0,tm2,06,v0,0,v,tm2_v0
tm2-06_v1,tm2,06,v1,1,v,tm2_v1
wl2-19_i0,wl2,19,i0,0,i,wl2_i0
wl2-19_i1,wl2,19,i1,1,i,wl2_i1
wl2-19_i2,wl2,19,i2,2,i,wl2_i2
wl2-19_v0,wl2,19,v0,0,v,wl2_v0
wl2-19_v1,wl2,19,v1,1,v,wl2_v1
wl2-19_v2,wl2,19,v2,2,v,wl2_v2
wl2-21_i0,wl2,21,i0,0,i,wl2_i0
wl2-21_i1,wl2,21,i1,1,i,wl2_i1
wl2-21_i2,wl2,21,i2,2,i,wl2_i2
wl2-21_v0,wl2,21,v0,0,v,wl2_v0
wl2-21_v1,wl2,21,v1,1,v,wl2_v1
wl2-23_i0,wl2,23,i0,0,i,wl2_i0
wl2-23_i1,wl2,23,i1,1,i,wl2_i1
wl2-23_i2,wl2,23,i2,2,i,wl2_i2
wl2-23_v0,wl2,23,v0,0,v,wl2_v0
wl2-23_v1,wl2,23,v1,1,v,wl2_v1
wl2-23_v2,wl2,23,v2,2,v,wl2_v2
wl2-38_i0,wl2,38,i0,0,i,wl2_i0
wl2-38_i1,wl2,38,i1,1,i,wl2_i1
wl2-38_v0,wl2,38,v0,0,v,wl2_v0
wl2-38_v1,wl2,38,v1,1,v,wl2_v1
wl2-41_i0,wl2,41,i0,0,i,wl2_i0
wl2-41_i1,wl2,41,i1,1,i,wl2_i1
wl2-41_i2,wl2,41,i2,2,i,wl2_i2
wl2-41_v0,wl2,41,v0,0,v,wl2_v0
wl2-41_v1,wl2,41,v1,1,v,wl2_v1
wl2-41_v2,wl2,41,v2,2,v,wl2_v2
yo1-19_i0,yo1,19,i0,0,i,yo1_i0
yo1-19_i1,yo1,19,i1,1,i,yo1_i1
yo1-19_i2,yo1,19,i2,2,i,yo1_i2
yo1-19_v0,yo1,19,v0,0,v,yo1_v0
yo1-19_v1,yo1,19,v1,1,v,yo1_v1
yo1-19_v2,yo1,19,v2,2,v,yo1_v2
yo1-20_i0,yo1,20,i0,0,i,yo1_i0
yo1-20_i1,yo1,20,i1,1,i,yo1_i1
yo1-20_v0,yo1,20,v0,0,v,yo1_v0
yo1-20_v1,yo1,20,v1,1,v,yo1_v1
yo1-20_v2,yo1,20,v2,2,v,yo1_v2
yo1-24_i0,yo1,24,i0,0,i,yo1_i0
yo1-24_i2,yo1,24,i2,2,i,yo1_i2
yo1-24_v0,yo1,24,v0,0,v,yo1_v0
yo1-24_v1,yo1,24,v1,1,v,yo1_v1
yo1-24_v2,yo1,24,v2,2,v,yo1_v2
yo1-25_i0,yo1,25,i0,0,i,yo1_i0
yo1-25_i2,yo1,25,i2,2,i,yo1_i2
yo1-25_v0,yo1,25,v0,0,v,yo1_v0
yo1-25_v1,yo1,25,v1,1,v,yo1_v1
yo1-25_v2,yo1,25,v2,2,v,yo1_v2
yo1-50_i0,yo1,50,i0,0,i,yo1_i0
yo1-50_i1,yo1,50,i1,1,i,yo1_i1
yo1-50_i2,yo1,50,i2,2,i,yo1_i2
yo1-50_v0,yo1,50,v0,0,v,yo1_v0
yo1-50_v1,yo1,50,v1,1,v,yo1_v1
yo1-50_v2,yo1,50,v2,2,v,yo1_v2
