"","sample","Sdiv_ptg000009l_0614-R","Sdiv_ptg000010l_2315-R","Pop","Vern","group"
"1","bhr.02_i0",5.74931360974149,4.27597055924422,"bhr","i0","i0_bhr"
"2","bhr.02_i1",5.30560704369403,4.54227073127774,"bhr","i1","i1_bhr"
"3","bhr.02_i2",4.79189547100475,3.94457954245175,"bhr","i2","i2_bhr"
"4","bhr.02_v0",5.16840051840554,3.50362051992322,"bhr","v0","v0_bhr"
"5","bhr.02_v1",4.12967683331086,3.92932566908815,"bhr","v1","v1_bhr"
"6","bhr.02_v2",2.12410917185031,3.60293872807348,"bhr","v2","v2_bhr"
"7","bhr.06_i0",5.50226147125708,4.69394823288561,"bhr","i0","i0_bhr"
"8","bhr.06_i1",5.67277603738877,4.91648741945057,"bhr","i1","i1_bhr"
"9","bhr.06_i2",4.3735449931503,4.17804745400084,"bhr","i2","i2_bhr"
"10","bhr.06_v0",5.51089611276717,4.13167723874089,"bhr","v0","v0_bhr"
"11","bhr.06_v1",4.25650397142514,4.09106007939764,"bhr","v1","v1_bhr"
"12","bhr.06_v2",2.39972227160329,2.88879204771744,"bhr","v2","v2_bhr"
"13","bhr.08_i0",5.18184737824641,4.97097689757097,"bhr","i0","i0_bhr"
"14","bhr.08_i1",5.38235605540949,4.88328651694983,"bhr","i1","i1_bhr"
"15","bhr.08_i2",3.74522937184696,4.31837699229234,"bhr","i2","i2_bhr"
"16","bhr.08_v0",5.37040192072074,3.642754670966,"bhr","v0","v0_bhr"
"17","bhr.08_v1",4.7482080243602,3.76190987620484,"bhr","v1","v1_bhr"
"18","bhr.08_v2",2.66961951487598,3.9675767049051,"bhr","v2","v2_bhr"
"19","bhr.14_i0",5.36664793342601,4.51545135062957,"bhr","i0","i0_bhr"
"20","bhr.14_i1",5.77129776523378,4.64670512334224,"bhr","i1","i1_bhr"
"21","bhr.14_i2",6.15031211202399,4.65961812492818,"bhr","i2","i2_bhr"
"22","bhr.14_v0",5.45104575580668,3.97538466514946,"bhr","v0","v0_bhr"
"23","bhr.14_v1",4.72543601331591,4.2404270269126,"bhr","v1","v1_bhr"
"24","bhr.14_v2",3.91853059476109,4.31600958411814,"bhr","v2","v2_bhr"
"25","bhr.18_i0",5.74701910583495,5.15663312453049,"bhr","i0","i0_bhr"
"26","bhr.18_i1",5.33757840535595,4.84328014734776,"bhr","i1","i1_bhr"
"27","bhr.18_i2",4.39103709517823,4.64581609434539,"bhr","i2","i2_bhr"
"28","bhr.18_v0",4.92276628185189,4.36179505427153,"bhr","v0","v0_bhr"
"29","bhr.18_v1",4.16419534011508,4.75476068440552,"bhr","v1","v1_bhr"
"30","bhr.18_v2",2.69578258001166,3.62970248260009,"bhr","v2","v2_bhr"
"31","ihl.21_i0",5.64887072613233,4.75533776754735,"ihl","i0","i0_ihl"
"32","ihl.21_i1",5.58196253479095,5.01358715163281,"ihl","i1","i1_ihl"
"33","ihl.21_v0",5.52362899314235,3.82382350014131,"ihl","v0","v0_ihl"
"34","ihl.21_v1",4.7872978052022,4.52694064703568,"ihl","v1","v1_ihl"
"35","ihl.27_i0",5.23638112632103,4.74468393408958,"ihl","i0","i0_ihl"
"36","ihl.27_i1",3.59899203056706,4.66914604954964,"ihl","i1","i1_ihl"
"37","ihl.27_i2",4.12555169234359,2.57076807936807,"ihl","i2","i2_ihl"
"38","ihl.27_v0",5.39511218281839,4.02831297142864,"ihl","v0","v0_ihl"
"39","ihl.27_v1",3.88734424340608,4.72493039697508,"ihl","v1","v1_ihl"
"40","ihl.27_v2",2.46628440120095,3.37602534923735,"ihl","v2","v2_ihl"
"41","ihl.29_i0",5.27379748661802,4.49068689106027,"ihl","i0","i0_ihl"
"42","ihl.29_i2",1.84669805580531,2.1158931841862,"ihl","i2","i2_ihl"
"43","ihl.29_v0",5.04351206450403,3.65627597739044,"ihl","v0","v0_ihl"
"44","ihl.29_v1",4.3688797400717,4.3688797400717,"ihl","v1","v1_ihl"
"45","ihl.29_v2",0.575406033084505,1.74842794886458,"ihl","v2","v2_ihl"
"46","ihl.30_i0",5.30869635764142,4.47985205884585,"ihl","i0","i0_ihl"
"47","ihl.30_i1",4.10442821467817,4.35295046471973,"ihl","i1","i1_ihl"
"48","ihl.30_i2",1.2176745433186,3.64649291019162,"ihl","i2","i2_ihl"
"49","ihl.30_v0",4.90496666773503,3.6767591178608,"ihl","v0","v0_ihl"
"50","ihl.30_v1",3.21539808284198,4.41948794285861,"ihl","v1","v1_ihl"
"51","ihl.30_v2",1.19166930113146,2.14784527298773,"ihl","v2","v2_ihl"
"52","kc2.06_i0",5.08566361653688,4.42262756286224,"kc2","i0","i0_kc2"
"53","kc2.06_i1",5.18210021382665,5.20868328614974,"kc2","i1","i1_kc2"
"54","kc2.06_v0",5.38192807896866,3.38565344950346,"kc2","v0","v0_kc2"
"55","kc2.06_v1",4.72708987431106,4.19551191822192,"kc2","v1","v1_kc2"
"56","kc2.08_i0",5.17719449787773,4.38251226323751,"kc2","i0","i0_kc2"
"57","kc2.08_i1",4.17551804733559,4.40321181402984,"kc2","i1","i1_kc2"
"58","kc2.08_v0",5.02484834241188,3.17940987526202,"kc2","v0","v0_kc2"
"59","kc2.08_v1",4.85006979337035,3.90705500506553,"kc2","v1","v1_kc2"
"60","kc2.10_i0",5.42756354228225,4.24501316959136,"kc2","i0","i0_kc2"
"61","kc2.10_i1",5.68781439771724,4.71278475476709,"kc2","i1","i1_kc2"
"62","kc2.10_i2",5.43845992587819,3.99007949656951,"kc2","i2","i2_kc2"
"63","kc2.10_v0",5.64102524301892,4.20442225825916,"kc2","v0","v0_kc2"
"64","kc2.10_v1",4.87960845135649,4.82055964078396,"kc2","v1","v1_kc2"
"65","kc2.10_v2",5.68399902342998,3.44174884325084,"kc2","v2","v2_kc2"
"66","kc2.13_i0",6.01414767555653,5.09770678481801,"kc2","i0","i0_kc2"
"67","kc2.13_i1",5.62938307808952,4.26313878361413,"kc2","i1","i1_kc2"
"68","kc2.13_i2",4.99520267685903,3.89439325813184,"kc2","i2","i2_kc2"
"69","kc2.13_v0",4.57232179392432,4.32553024875717,"kc2","v0","v0_kc2"
"70","kc2.13_v2",4.96751697096085,3.9945538422422,"kc2","v2","v2_kc2"
"71","kc2.23_i0",5.16181129722441,3.84867522394515,"kc2","i0","i0_kc2"
"72","kc2.23_i1",4.86301967211561,4.36641332498817,"kc2","i1","i1_kc2"
"73","kc2.23_i2",5.67673807887085,3.62198385614954,"kc2","i2","i2_kc2"
"74","kc2.23_v0",5.18890561432535,3.46241241979554,"kc2","v0","v0_kc2"
"75","kc2.23_v1",5.16221518472493,4.80623207955583,"kc2","v1","v1_kc2"
"76","lv3.04_i0",5.07683205772512,5.15632706519413,"lv3","i0","i0_lv3"
"77","lv3.04_i1",5.18630411702897,5.11728141736584,"lv3","i1","i1_lv3"
"78","lv3.04_i2",-0.976868150869323,-0.25939809720993,"lv3","i2","i2_lv3"
"79","lv3.04_v0",6.09696963081816,5.07024877791012,"lv3","v0","v0_lv3"
"80","lv3.04_v1",4.82437698347189,4.79316081411099,"lv3","v1","v1_lv3"
"81","lv3.04_v2",5.2508800225291,4.52163876670689,"lv3","v2","v2_lv3"
"82","lv3.08_i0",4.99807669509359,4.79735332973135,"lv3","i0","i0_lv3"
"83","lv3.08_i1",5.2784328156547,4.90388615094762,"lv3","i1","i1_lv3"
"84","lv3.08_v0",6.22633256440646,5.06326358637199,"lv3","v0","v0_lv3"
"85","lv3.08_v1",5.12163072585967,5.13730867087601,"lv3","v1","v1_lv3"
"86","lv3.15_i0",5.94013314787254,4.80960087706929,"lv3","i0","i0_lv3"
"87","lv3.15_i1",5.84459860028152,5.10883103390458,"lv3","i1","i1_lv3"
"88","lv3.15_v0",4.67528464473435,6.10135349182294,"lv3","v0","v0_lv3"
"89","lv3.15_v1",4.92974287449233,5.74682763130777,"lv3","v1","v1_lv3"
"90","lv3.16_i0",4.93176698779904,4.6560268015485,"lv3","i0","i0_lv3"
"91","lv3.16_i1",5.30757335937955,5.24010040920433,"lv3","i1","i1_lv3"
"92","lv3.16_i2",4.26214541560139,3.9288363899143,"lv3","i2","i2_lv3"
"93","lv3.16_v0",6.14871415631559,4.65097182160498,"lv3","v0","v0_lv3"
"94","lv3.16_v1",5.74444281876825,5.48621892221048,"lv3","v1","v1_lv3"
"95","lv3.16_v2",-0.824128600466634,4.97792377431061,"lv3","v2","v2_lv3"
"96","lv3.23_i0",5.29204627152432,4.51534683005176,"lv3","i0","i0_lv3"
"97","lv3.23_i1",5.10449094840694,4.38397545480264,"lv3","i1","i1_lv3"
"98","lv3.23_i2",2.33157734156796,2.63625040712266,"lv3","i2","i2_lv3"
"99","lv3.23_v0",5.94724584222196,3.33923383198082,"lv3","v0","v0_lv3"
"100","lv3.23_v1",5.18473899479321,4.96234942891526,"lv3","v1","v1_lv3"
"101","lv3.23_v2",1.58352940903907,2.54952174531232,"lv3","v2","v2_lv3"
"102","sq3.06_i0",5.40998686258429,4.83481313827631,"sq3","i0","i0_sq3"
"103","sq3.06_i1",2.06744067748704,4.35902057207575,"sq3","i1","i1_sq3"
"104","sq3.06_i2",1.16812112115494,3.27206446403139,"sq3","i2","i2_sq3"
"105","sq3.06_v0",3.95630608964576,3.99793609983188,"sq3","v0","v0_sq3"
"106","sq3.06_v1",4.55141366876943,4.87396652802461,"sq3","v1","v1_sq3"
"107","sq3.06_v2",1.8243823016298,4.79862960966751,"sq3","v2","v2_sq3"
"108","sq3.08_i0",4.34996687446456,4.88660280756285,"sq3","i0","i0_sq3"
"109","sq3.08_i1",4.20348153475506,5.75592500240987,"sq3","i1","i1_sq3"
"110","sq3.08_i2",-1.21867592167318,1.36630169613072,"sq3","i2","i2_sq3"
"111","sq3.08_v0",4.6560475378157,3.52839522462184,"sq3","v0","v0_sq3"
"112","sq3.08_v1",4.32396029697618,5.93786308547803,"sq3","v1","v1_sq3"
"113","sq3.08_v2",1.00746637096369,8.20973127761236,"sq3","v2","v2_sq3"
"114","sq3.11_i0",5.0603601065857,5.43192305238539,"sq3","i0","i0_sq3"
"115","sq3.11_i1",4.58285510397724,0.115538351387036,"sq3","i1","i1_sq3"
"116","sq3.11_i2",4.24914901639041,4.24358904099588,"sq3","i2","i2_sq3"
"117","sq3.11_v0",10.1534035883386,1.51858272432035,"sq3","v0","v0_sq3"
"118","sq3.11_v1",4.46024186788916,5.0797816390747,"sq3","v1","v1_sq3"
"119","sq3.11_v2",2.74801217254679,3.77407008507101,"sq3","v2","v2_sq3"
"120","sq3.14_i0",4.72576501792998,4.75310698130951,"sq3","i0","i0_sq3"
"121","sq3.14_i1",3.97510880309052,5.01055231547587,"sq3","i1","i1_sq3"
"122","sq3.14_i2",0.268569312991292,-0.379241414483428,"sq3","i2","i2_sq3"
"123","sq3.14_v1",1.0916147082515,-0.2448102453604,"sq3","v1","v1_sq3"
"124","sq3.14_v2",3.57520376047306,-0.988508285892163,"sq3","v2","v2_sq3"
"125","sq3.16_i0",4.91404410635255,3.6824840993105,"sq3","i0","i0_sq3"
"126","sq3.16_i1",7.7133461124294,5.0195189757996,"sq3","i1","i1_sq3"
"127","sq3.16_i2",6.84151828036318,-0.433328442873882,"sq3","i2","i2_sq3"
"128","sq3.16_v1",4.75786671300835,5.12100716472103,"sq3","v1","v1_sq3"
"129","sq3.16_v2",-0.991141267585833,5.03208347400617,"sq3","v2","v2_sq3"
"130","tm2.01_i0",6.03221238263623,4.86490156692929,"tm2","i0","i0_tm2"
"131","tm2.01_i1",3.61519229897952,3.6349763646101,"tm2","i1","i1_tm2"
"132","tm2.01_v0",6.6495804197033,-0.579286198487717,"tm2","v0","v0_tm2"
"133","tm2.01_v1",1.63909140391928,2.33246341277128,"tm2","v1","v1_tm2"
"134","tm2.01_v2",-0.965559576848196,0.772008164639847,"tm2","v2","v2_tm2"
"135","tm2.02_i0",4.91838796113945,4.60630084947946,"tm2","i0","i0_tm2"
"136","tm2.02_i1",2.70395938273632,4.09742021152211,"tm2","i1","i1_tm2"
"137","tm2.02_v0",6.33020275743744,4.04050333998891,"tm2","v0","v0_tm2"
"138","tm2.02_v1",3.43813037020131,4.19790944303334,"tm2","v1","v1_tm2"
"139","tm2.03_i0",5.03453772160432,4.3842610647828,"tm2","i0","i0_tm2"
"140","tm2.03_i1",4.1098374100981,5.28777075302162,"tm2","i1","i1_tm2"
"141","tm2.03_v0",5.45097650894426,3.32014341576443,"tm2","v0","v0_tm2"
"142","tm2.03_v1",3.2485219068707,4.5140516592759,"tm2","v1","v1_tm2"
"143","tm2.04_i0",3.69066137489868,5.09269458531116,"tm2","i0","i0_tm2"
"144","tm2.04_i1",-0.821485180856978,3.97856828856883,"tm2","i1","i1_tm2"
"145","tm2.04_i2",1.47330043496064,2.04580682149578,"tm2","i2","i2_tm2"
"146","tm2.04_v0",4.96955387356867,3.58714446693897,"tm2","v0","v0_tm2"
"147","tm2.04_v1",0.662467293693313,3.11018870665789,"tm2","v1","v1_tm2"
"148","tm2.04_v2",-1.00265714745524,1.75242605291613,"tm2","v2","v2_tm2"
"149","tm2.06_i0",5.11182884342517,3.72076647512862,"tm2","i0","i0_tm2"
"150","tm2.06_i1",-0.846807812711342,2.4329772934499,"tm2","i1","i1_tm2"
"151","tm2.06_v0",3.70367543849451,3.29127853429884,"tm2","v0","v0_tm2"
"152","tm2.06_v1",5.49530419649477,2.67079113413168,"tm2","v1","v1_tm2"
"153","wl2.19_i0",5.17770915612552,3.73597935180526,"wl2","i0","i0_wl2"
"154","wl2.19_i1",3.70124351763732,4.84697684554526,"wl2","i1","i1_wl2"
"155","wl2.19_i2",-1.92934877141514,-1.92934877141514,"wl2","i2","i2_wl2"
"156","wl2.19_v0",5.35122738846182,4.40445042422435,"wl2","v0","v0_wl2"
"157","wl2.19_v1",4.57096710577443,4.49148685244383,"wl2","v1","v1_wl2"
"158","wl2.19_v2",-1.7174428493688,-1.7174428493688,"wl2","v2","v2_wl2"
"159","wl2.21_i0",6.41473493679355,5.38692354176718,"wl2","i0","i0_wl2"
"160","wl2.21_i1",5.89369087644492,5.21831848108763,"wl2","i1","i1_wl2"
"161","wl2.21_i2",2.32880241363215,3.58890483596825,"wl2","i2","i2_wl2"
"162","wl2.21_v0",5.65272055096973,4.11763709291176,"wl2","v0","v0_wl2"
"163","wl2.21_v1",3.78379003115183,4.80537574891223,"wl2","v1","v1_wl2"
"164","wl2.23_i0",4.88769886963553,4.36510542533094,"wl2","i0","i0_wl2"
"165","wl2.23_i1",3.99168785809701,4.32143077217383,"wl2","i1","i1_wl2"
"166","wl2.23_i2",-1.0968111547468,-0.0551799258069295,"wl2","i2","i2_wl2"
"167","wl2.23_v0",4.91148837482498,4.34655461925769,"wl2","v0","v0_wl2"
"168","wl2.23_v1",3.73491369913354,4.16553351839548,"wl2","v1","v1_wl2"
"169","wl2.23_v2",-3.0486156873536,1.02969594659325,"wl2","v2","v2_wl2"
"170","wl2.38_i0",4.92188170043331,4.14288597194957,"wl2","i0","i0_wl2"
"171","wl2.38_i1",3.44454083569203,4.61248745072651,"wl2","i1","i1_wl2"
"172","wl2.38_v0",4.58280722291244,3.60811011060452,"wl2","v0","v0_wl2"
"173","wl2.38_v1",3.63996676012234,4.37640270421728,"wl2","v1","v1_wl2"
"174","wl2.41_i0",4.59185772197054,4.25810938481847,"wl2","i0","i0_wl2"
"175","wl2.41_i1",3.74453472486548,4.18307756611445,"wl2","i1","i1_wl2"
"176","wl2.41_i2",-1.5289423076195,-1.97205149200471,"wl2","i2","i2_wl2"
"177","wl2.41_v0",5.40299507013842,3.75673673551272,"wl2","v0","v0_wl2"
"178","wl2.41_v1",4.58931338533741,4.40862013850316,"wl2","v1","v1_wl2"
"179","wl2.41_v2",1.79630696214677,1.16112735499664,"wl2","v2","v2_wl2"
"180","yo1.19_i0",4.8618484088192,4.37966077792233,"yo1","i0","i0_yo1"
"181","yo1.19_i1",-2.3040298964001,5.42196724950934,"yo1","i1","i1_yo1"
"182","yo1.19_i2",2.84776489680141,1.23408626983448,"yo1","i2","i2_yo1"
"183","yo1.19_v0",4.3787242836146,2.34201480653164,"yo1","v0","v0_yo1"
"184","yo1.19_v1",4.22776282501562,4.88220383314197,"yo1","v1","v1_yo1"
"185","yo1.19_v2",1.67665545302404,2.88046252564268,"yo1","v2","v2_yo1"
"186","yo1.20_i0",4.11730643840139,4.87911122047833,"yo1","i0","i0_yo1"
"187","yo1.20_i1",5.02836497422989,4.27590447206007,"yo1","i1","i1_yo1"
"188","yo1.20_v0",5.63365786844689,4.85917962150174,"yo1","v0","v0_yo1"
"189","yo1.20_v1",3.62918819195479,4.901116562647,"yo1","v1","v1_yo1"
"190","yo1.20_v2",2.01755083552015,2.73837646341241,"yo1","v2","v2_yo1"
"191","yo1.24_i0",4.14189997846294,4.67296561015962,"yo1","i0","i0_yo1"
"192","yo1.24_i2",1.11028905584982,3.71337826515149,"yo1","i2","i2_yo1"
"193","yo1.24_v0",5.34586906905867,3.51394242258866,"yo1","v0","v0_yo1"
"194","yo1.24_v1",3.796729716231,5.16433673520932,"yo1","v1","v1_yo1"
"195","yo1.24_v2",2.51896172122656,3.48409104554855,"yo1","v2","v2_yo1"
"196","yo1.25_i0",4.40619838832668,5.53880156506682,"yo1","i0","i0_yo1"
"197","yo1.25_i2",-2.28992660111374,-3.80372912821737,"yo1","i2","i2_yo1"
"198","yo1.25_v0",5.08632447800167,4.02061799993521,"yo1","v0","v0_yo1"
"199","yo1.25_v1",4.21175587689318,4.38799018442856,"yo1","v1","v1_yo1"
"200","yo1.25_v2",-2.17855548879946,-0.0479060540750385,"yo1","v2","v2_yo1"
"201","yo1.50_i0",2.0065862093399,5.72837998738045,"yo1","i0","i0_yo1"
"202","yo1.50_i1",4.81715540062836,4.49010974764596,"yo1","i1","i1_yo1"
"203","yo1.50_i2",4.16909445083043,-2.92648310153906,"yo1","i2","i2_yo1"
"204","yo1.50_v0",5.35273939292214,3.00887231463873,"yo1","v0","v0_yo1"
"205","yo1.50_v1",3.01470638357558,4.49357528048494,"yo1","v1","v1_yo1"
"206","yo1.50_v2",-1.28589851692979,3.33505661113367,"yo1","v2","v2_yo1"
